{"entities":{"pages":{"10":{"id":"10","title":"Arquitetura de Computadores","url":"10.html","level":0,"tabIndex":0},"-v4e3c0_3":{"id":"-v4e3c0_3","title":"Domus 1","level":0,"pages":["00-EvolutionofComputers","01-System","02","03","04","05","06","07","08","09"],"tabIndex":1},"00-EvolutionofComputers":{"id":"00-EvolutionofComputers","title":"2 Elementos Computacionais","url":"00-evolutionofcomputers.html","level":1,"parentId":"-v4e3c0_3","tabIndex":0},"01-System":{"id":"01-System","title":"3 Sistema Numérico","url":"01-system.html","level":1,"parentId":"-v4e3c0_3","tabIndex":1},"02":{"id":"02","title":"4 Componentes básicos de um PC","url":"02.html","level":1,"parentId":"-v4e3c0_3","tabIndex":2},"03":{"id":"03","title":"5 Tabela Verdade","url":"03.html","level":1,"parentId":"-v4e3c0_3","tabIndex":3},"04":{"id":"04","title":"6 Portas Lógicas","url":"04.html","level":1,"parentId":"-v4e3c0_3","tabIndex":4},"05":{"id":"05","title":"7 Tipos de Memória","url":"05.html","level":1,"parentId":"-v4e3c0_3","tabIndex":5},"06":{"id":"06","title":"8 Organização do Processador","url":"06.html","level":1,"parentId":"-v4e3c0_3","tabIndex":6},"07":{"id":"07","title":"9 Barramentos","url":"07.html","level":1,"parentId":"-v4e3c0_3","tabIndex":7},"08":{"id":"08","title":"10 Representação de Dados","url":"08.html","level":1,"parentId":"-v4e3c0_3","tabIndex":8},"09":{"id":"09","title":"12 Dispositivos de E/S","url":"09.html","level":1,"parentId":"-v4e3c0_3","tabIndex":9}}},"topLevelIds":["10","-v4e3c0_3"]}